x,y,heading
7.9988179206848145,-1.8285152912139893,-0.001125335693359375
8.01614261853813,-1.828569735630904,-0.001126959772393255
8.033467316391445,-1.828624180047819,-0.0011285838514271348
8.05079201424476,-1.8286786244647337,-0.001130207930461015
8.068116712098075,-1.8287330688816485,-0.0011318320094948948
8.08544140995139,-1.8287875132985634,-0.0011334560885287747
8.102766107804705,-1.8288419577154782,-0.0011350801675626546
8.12009080565802,-1.828896402132393,-0.0011367042465965347
8.137415503511335,-1.8289508465493078,-0.0011383283256304146
8.15474020136465,-1.8290052909662229,-0.0011399524046642945
8.172064899217965,-1.8290597353831377,-0.0011415764836981744
8.18938959707128,-1.8291141798000525,-0.0011432005627320546
8.206714294924595,-1.8291686242169674,-0.0011448246417659345
8.22403899277791,-1.8292230686338822,-0.0011464487207998144
8.241363690631225,-1.829277513050797,-0.0011480727998336943
8.25868838848454,-1.8293319574677118,-0.0011496968788675742
8.276013086337855,-1.8293864018846266,-0.0011513209579014543
8.29333778419117,-1.8294408463015415,-0.0011529450369353342
8.310662482044485,-1.8294952907184563,-0.001154569115969214
8.3279871798978,-1.8295497351353711,-0.001156193195003094
8.345311877751115,-1.829604179552286,-0.001157817274036974
8.36263657560443,-1.8296586239692008,-0.001159441353070854
8.379961273457745,-1.8297130683861156,-0.001161065432104734
8.39728597131106,-1.8297675128030304,-0.0011626895111386138
8.414610669164375,-1.8298219572199452,-0.0011643135901724937
8.43193536701769,-1.82987640163686,-0.0011659376692063738
8.449260064871005,-1.829930846053775,-0.0011675617482402537
8.466584762724318,-1.82998529047069,-0.0011691858272741336
8.483909460577634,-1.8300397348876047,-0.0011708099063080135
8.501234158430949,-1.8300941793045196,-0.0011724339853418937
8.518558856284264,-1.8301486237214344,-0.0011740580643757736
8.535883554137579,-1.8302030681383492,-0.0011756821434096535
8.553208251990894,-1.830257512555264,-0.0011773062224435334
8.570532949844209,-1.8303119569721789,-0.0011789303014774135
8.587857647697524,-1.8303664013890937,-0.0011805543805112934
8.605182345550839,-1.8304208458060085,-0.0011821784595451733
8.622507043404154,-1.8304752902229233,-0.0011838025385790532
8.639831741257469,-1.8305297346398381,-0.001185426617612933
8.657156439110784,-1.830584179056753,-0.0011870506966468132
8.674481136964099,-1.8306386234736678,-0.001188674775680693
8.691805834817414,-1.8306930678905826,-0.001190298854714573
8.709130532670729,-1.8307475123074974,-0.001191922933748453
8.726455230524044,-1.8308019567244123,-0.001193547012782333
8.743779928377359,-1.8308564011413273,-0.001195171091816213
8.761104626230674,-1.8309108455582421,-0.0011967951708500928
8.778429324083989,-1.830965289975157,-0.0011984192498839727
8.795754021937304,-1.8310197343920718,-0.0012000433289178526
8.813078719790619,-1.8310741788089866,-0.0012016674079517327
8.830403417643934,-1.8311286232259014,-0.0012032914869856126
8.84772811549725,-1.8311830676428162,-0.0012049155660194925
8.865052813350564,-1.831237512059731,-0.0012065396450533724
8.88237751120388,-1.8312919564766459,-0.0012081637240872526
8.899702209057194,-1.8313464008935607,-0.0012097878031211325
8.91702690691051,-1.8314008453104755,-0.0012114118821550124
8.934351604763824,-1.8314552897273904,-0.0012130359611888923
8.95167630261714,-1.8315097341443052,-0.0012146600402227724
8.969001000470454,-1.83156417856122,-0.0012162841192566523
8.98632569832377,-1.8316186229781348,-0.0012179081982905322
9.003650396177084,-1.8316730673950496,-0.001219532277324412
9.0209750940304,-1.8317275118119647,-0.001221156356358292
9.038299791883714,-1.8317819562288795,-0.001222780435392172
9.05562448973703,-1.8318364006457943,-0.001224404514426052
9.072949187590345,-1.8318908450627092,-0.001226028593459932
9.09027388544366,-1.831945289479624,-0.0012276526724938118
9.107598583296975,-1.8319997338965388,-0.001229276751527692
9.12492328115029,-1.8320541783134536,-0.0012309008305615718
9.142247979003605,-1.8321086227303685,-0.0012325249095954517
9.15957267685692,-1.8321630671472833,-0.0012341489886293316
9.176897374710235,-1.832217511564198,-0.0012357730676632117
9.19422207256355,-1.832271955981113,-0.0012373971466970916
9.211546770416865,-1.8323264003980277,-0.0012390212257309715
9.228871468270178,-1.8323808448149426,-0.0012406453047648514
9.246196166123493,-1.8324352892318574,-0.0012422693837987313
9.263520863976808,-1.8324897336487722,-0.0012438934628326115
9.280845561830123,-1.832544178065687,-0.0012455175418664914
9.298170259683438,-1.8325986224826019,-0.0012471416209003713
9.315494957536753,-1.832653066899517,-0.0012487656999342512
9.332819655390068,-1.8327075113164317,-0.001250389778968131
9.350144353243383,-1.8327619557333465,-0.0012520138580020112
9.367469051096698,-1.8328164001502614,-0.001253637937035891
9.384793748950013,-1.8328708445671762,-0.001255262016069771
9.402118446803328,-1.832925288984091,-0.0012568860951036511
9.419443144656643,-1.8329797334010058,-0.001258510174137531
9.436767842509958,-1.8330341778179207,-0.001260134253171411
9.454092540363273,-1.8330886222348355,-0.0012617583322052908
9.471417238216588,-1.8331430666517503,-0.0012633824112391707
9.488741936069903,-1.8331975110686651,-0.0012650064902730508
9.506066633923218,-1.83325195548558,-0.0012666305693069307
9.523391331776534,-1.8333063999024948,-0.0012682546483408106
9.540716029629849,-1.8333608443194096,-0.0012698787273746905
9.558040727483164,-1.8334152887363244,-0.0012715028064085704
9.575365425336479,-1.8334697331532392,-0.0012731268854424506
9.592690123189794,-1.833524177570154,-0.0012747509644763305
9.610014821043109,-1.8335786219870691,-0.0012763750435102104
9.627339518896424,-1.833633066403984,-0.0012779991225440905
9.644664216749739,-1.8336875108208988,-0.0012796232015779704
9.661988914603054,-1.8337419552378136,-0.0012812472806118503
9.679313612456369,-1.8337963996547284,-0.0012828713596457302
9.696638310309684,-1.8338508440716432,-0.00128449543867961
9.713963008162999,-1.833905288488558,-0.0012861195177134902
9.731287706016314,-1.8339597329054729,-0.00128774359674737
9.748612403869629,-1.8340141773223877,-0.00128936767578125
9.765987849471593,-1.8321673539605472,-0.0012891032908222463
9.783363295073556,-1.8303205305987065,-0.0012888389058632425
9.80073874067552,-1.828473707236866,-0.0012885745209042388
9.818114186277484,-1.8266268838750255,-0.001288310135945235
9.835489631879447,-1.8247800605131848,-0.0012880457509862313
9.852865077481411,-1.8229332371513443,-0.0012877813660272276
9.870240523083375,-1.8210864137895038,-0.001287516981068224
9.887615968685338,-1.819239590427663,-0.0012872525961092204
9.904991414287302,-1.8173927670658225,-0.0012869882111502166
9.922366859889266,-1.8155459437039818,-0.001286723826191213
9.93974230549123,-1.8136991203421413,-0.0012864594412322092
9.957117751093193,-1.8118522969803008,-0.0012861950562732055
9.974493196695159,-1.81000547361846,-0.0012859306713142017
9.991868642297122,-1.8081586502566196,-0.001285666286355198
10.009244087899086,-1.806311826894779,-0.0012854019013961943
10.02661953350105,-1.8044650035329384,-0.0012851375164371905
10.043994979103013,-1.8026181801710979,-0.0012848731314781868
10.061370424704977,-1.8007713568092574,-0.001284608746519183
10.07874587030694,-1.7989245334474167,-0.0012843443615601796
10.096121315908904,-1.7970777100855762,-0.0012840799766011758
10.113496761510868,-1.7952308867237357,-0.001283815591642172
10.130872207112832,-1.793384063361895,-0.0012835512066831684
10.148247652714796,-1.7915372400000544,-0.0012832868217241646
10.16562309831676,-1.7896904166382137,-0.001283022436765161
10.182998543918723,-1.7878435932763732,-0.0012827580518061572
10.200373989520687,-1.7859967699145327,-0.0012824936668471535
10.21774943512265,-1.784149946552692,-0.0012822292818881497
10.235124880724614,-1.7823031231908515,-0.001281964896929146
10.252500326326578,-1.780456299829011,-0.0012817005119701423
10.269875771928541,-1.7786094764671703,-0.0012814361270111385
10.287251217530505,-1.7767626531053298,-0.0012811717420521348
10.304626663132469,-1.7749158297434893,-0.0012809073570931313
10.322002108734432,-1.7730690063816485,-0.0012806429721341276
10.339377554336396,-1.771222183019808,-0.0012803785871751238
10.35675299993836,-1.7693753596579676,-0.00128011420221612
10.374128445540324,-1.7675285362961268,-0.0012798498172571164
10.391503891142287,-1.7656817129342863,-0.0012795854322981126
10.408879336744253,-1.7638348895724456,-0.001279321047339109
10.426254782346216,-1.761988066210605,-0.0012790566623801052
10.44363022794818,-1.7601412428487646,-0.0012787922774211014
10.461005673550144,-1.7582944194869239,-0.0012785278924620977
10.478381119152107,-1.7564475961250834,-0.001278263507503094
10.495756564754071,-1.7546007727632429,-0.0012779991225440903
10.513132010356035,-1.7527539494014022,-0.0012777347375850865
10.530507455957999,-1.7509071260395617,-0.001277470352626083
10.547882901559962,-1.7490603026777212,-0.0012772059676670793
10.565258347161926,-1.7472134793158804,-0.0012769415827080756
10.58263379276389,-1.74536665595404,-0.0012766771977490718
10.600009238365853,-1.7435198325921994,-0.001276412812790068
10.617384683967817,-1.7416730092303587,-0.0012761484278310644
10.63476012956978,-1.7398261858685182,-0.0012758840428720606
10.652135575171744,-1.7379793625066775,-0.001275619657913057
10.669511020773708,-1.736132539144837,-0.0012753552729540532
10.686886466375672,-1.7342857157829965,-0.0012750908879950494
10.704261911977635,-1.7324388924211558,-0.0012748265030360457
10.7216373575796,-1.7305920690593153,-0.001274562118077042
10.739012803181563,-1.7287452456974748,-0.0012742977331180385
10.756388248783527,-1.726898422335634,-0.0012740333481590347
10.77376369438549,-1.7250515989737936,-0.001273768963200031
10.791139139987454,-1.723204775611953,-0.0012735045782410273
10.808514585589418,-1.7213579522501123,-0.0012732401932820236
10.825890031191381,-1.7195111288882718,-0.0012729758083230198
10.843265476793345,-1.7176643055264313,-0.001272711423364016
10.860640922395309,-1.7158174821645906,-0.0012724470384050124
10.878016367997274,-1.7139706588027501,-0.0012721826534460086
10.895391813599238,-1.7121238354409094,-0.001271918268487005
10.912767259201201,-1.710277012079069,-0.0012716538835280012
10.930142704803165,-1.7084301887172284,-0.0012713894985689974
10.947518150405129,-1.7065833653553877,-0.0012711251136099937
10.964893596007093,-1.7047365419935472,-0.0012708607286509902
10.982269041609056,-1.7028897186317067,-0.0012705963436919865
10.99964448721102,-1.701042895269866,-0.0012703319587329827
11.017019932812984,-1.6991960719080255,-0.001270067573773979
11.034395378414947,-1.697349248546185,-0.0012698031888149753
11.051770824016911,-1.6955024251843442,-0.0012695388038559715
11.069146269618875,-1.6936556018225037,-0.0012692744188969678
11.086521715220838,-1.691808778460663,-0.001269010033937964
11.103897160822802,-1.6899619550988225,-0.0012687456489789604
11.121272606424766,-1.688115131736982,-0.0012684812640199566
11.13864805202673,-1.6862683083751415,-0.001268216879060953
11.156023497628693,-1.6844214850133008,-0.0012679524941019492
11.173398943230657,-1.6825746616514603,-0.0012676881091429454
11.19077438883262,-1.6807278382896196,-0.001267423724183942
11.208149834434584,-1.678881014927779,-0.0012671593392249382
11.225525280036548,-1.6770341915659386,-0.0012668949542659345
11.242900725638512,-1.6751873682040979,-0.0012666305693069307
11.260276171240475,-1.6733405448422574,-0.001266366184347927
11.27765161684244,-1.6714937214804169,-0.0012661017993889233
11.295027062444404,-1.6696468981185761,-0.0012658374144299195
11.312402508046368,-1.6678000747567356,-0.0012655730294709158
11.329777953648332,-1.6659532513948951,-0.001265308644511912
11.347153399250296,-1.6641064280330544,-0.0012650442595529084
11.36452884485226,-1.662259604671214,-0.0012647798745939046
11.381904290454223,-1.6604127813093732,-0.001264515489634901
11.399279736056187,-1.6585659579475327,-0.0012642511046758974
11.41665518165815,-1.6567191345856922,-0.0012639867197168937
11.434030627260114,-1.6548723112238517,-0.00126372233475789
11.451406072862078,-1.653025487862011,-0.0012634579497988862
11.468781518464041,-1.6511786645001705,-0.0012631935648398825
11.486156964066005,-1.6493318411383298,-0.0012629291798808787
11.503532409667969,-1.6474850177764893,-0.001262664794921875
11.518113768926941,-1.64453125708174,-0.0012610218312480662
11.532695128185914,-1.6415774963869907,-0.0012593788675742575
11.547276487444886,-1.6386237356922415,-0.0012577359039004487
11.56185784670386,-1.6356699749974921,-0.00125609294022664
11.576439205962833,-1.632716214302743,-0.0012544499765528312
11.591020565221806,-1.6297624536079935,-0.0012528070128790224
11.605601924480778,-1.6268086929132444,-0.0012511640492052134
11.62018328373975,-1.623854932218495,-0.0012495210855314046
11.634764642998723,-1.6209011715237458,-0.0012478781218575959
11.649346002257696,-1.6179474108289964,-0.001246235158183787
11.66392736151667,-1.6149936501342472,-0.0012445921945099783
11.678508720775643,-1.6120398894394978,-0.0012429492308361695
11.693090080034615,-1.6090861287447487,-0.0012413062671623608
11.707671439293588,-1.6061323680499993,-0.001239663303488552
11.72225279855256,-1.60317860735525,-0.0012380203398147432
11.736834157811533,-1.6002248466605007,-0.0012363773761409345
11.751415517070505,-1.5972710859657515,-0.0012347344124671257
11.765996876329478,-1.5943173252710021,-0.001233091448793317
11.780578235588452,-1.591363564576253,-0.001231448485119508
11.795159594847425,-1.5884098038815035,-0.0012298055214456992
11.809740954106397,-1.5854560431867544,-0.0012281625577718904
11.82432231336537,-1.582502282492005,-0.0012265195940980816
11.838903672624342,-1.5795485217972558,-0.0012248766304242729
11.853485031883315,-1.5765947611025064,-0.001223233666750464
11.868066391142287,-1.5736410004077572,-0.0012215907030766553
11.882647750401262,-1.5706872397130078,-0.0012199477394028465
11.897229109660234,-1.5677334790182587,-0.0012183047757290378
11.911810468919207,-1.5647797183235093,-0.001216661812055229
11.926391828178179,-1.56182595762876,-0.0012150188483814202
11.940973187437152,-1.5588721969340107,-0.0012133758847076115
11.955554546696124,-1.5559184362392615,-0.0012117329210338027
11.970135905955097,-1.5529646755445121,-0.0012100899573599937
11.984717265214071,-1.550010914849763,-0.001208446993686185
11.999298624473044,-1.5470571541550135,-0.0012068040300123762
12.013879983732016,-1.5441033934602644,-0.0012051610663385674
12.028461342990989,-1.541149632765515,-0.0012035181026647586
12.043042702249961,-1.5381958720707658,-0.0012018751389909499
12.057624061508934,-1.5352421113760164,-0.001200232175317141
12.072205420767906,-1.5322883506812672,-0.0011985892116433323
12.08678678002688,-1.5293345899865178,-0.0011969462479695236
12.101368139285853,-1.5263808292917687,-0.0011953032842957148
12.115949498544826,-1.5234270685970193,-0.001193660320621906
12.130530857803798,-1.52047330790227,-0.0011920173569480972
12.14511221706277,-1.5175195472075207,-0.0011903743932742883
12.159693576321743,-1.5145657865127715,-0.0011887314296004795
12.174274935580716,-1.5116120258180221,-0.0011870884659266707
12.18885629483969,-1.508658265123273,-0.001185445502252862
12.203437654098662,-1.5057045044285235,-0.0011838025385790532
12.218019013357635,-1.5027507437337744,-0.0011821595749052444
12.232600372616607,-1.499796983039025,-0.0011805166112314356
12.24718173187558,-1.4968432223442758,-0.0011788736475576269
12.261763091134553,-1.4938894616495264,-0.001177230683883818
12.276344450393525,-1.4909357009547772,-0.0011755877202100093
12.2909258096525,-1.4879819402600278,-0.0011739447565362006
12.305507168911472,-1.4850281795652787,-0.0011723017928623918
12.320088528170444,-1.4820744188705293,-0.001170658829188583
12.334669887429417,-1.47912065817578,-0.0011690158655147742
12.34925124668839,-1.4761668974810307,-0.0011673729018409653
12.363832605947362,-1.4732131367862815,-0.0011657299381671565
12.378413965206335,-1.4702593760915321,-0.0011640869744933477
12.392995324465307,-1.467305615396783,-0.001162444010819539
12.407576683724281,-1.4643518547020336,-0.0011608010471457302
12.422158042983254,-1.4613980940072844,-0.0011591580834719214
12.436739402242226,-1.458444333312535,-0.0011575151197981126
12.451320761501199,-1.4554905726177858,-0.0011558721561243039
12.465902120760171,-1.4525368119230364,-0.001154229192450495
12.480483480019144,-1.4495830512282872,-0.0011525862287766863
12.495064839278117,-1.4466292905335378,-0.0011509432651028776
12.50964619853709,-1.4436755298387887,-0.0011493003014290686
12.524227557796063,-1.4407217691440393,-0.0011476573377552598
12.538808917055036,-1.43776800844929,-0.001146014374081451
12.553390276314008,-1.4348142477545407,-0.0011443714104076423
12.567971635572981,-1.4318604870597915,-0.0011427284467338335
12.582552994831953,-1.4289067263650421,-0.0011410854830600247
12.597134354090926,-1.425952965670293,-0.001139442519386216
12.611715713349898,-1.4229992049755436,-0.0011377995557124072
12.626297072608873,-1.4200454442807944,-0.0011361565920385984
12.640878431867845,-1.417091683586045,-0.0011345136283647896
12.655459791126818,-1.4141379228912958,-0.0011328706646909809
12.67004115038579,-1.4111841621965464,-0.001131227701017172
12.684622509644763,-1.4082304015017972,-0.0011295847373433633
12.699203868903735,-1.4052766408070478,-0.0011279417736695546
12.71378522816271,-1.4023228801122987,-0.0011262988099957458
12.728366587421682,-1.3993691194175493,-0.0011246558463219368
12.742947946680655,-1.3964153587228,-0.001123012882648128
12.757529305939627,-1.393461598028051,-0.0011213699189743193
12.7721106651986,-1.3905078373333015,-0.0011197269553005105
12.786692024457572,-1.3875540766385521,-0.0011180839916267017
12.801273383716545,-1.384600315943803,-0.001116441027952893
12.815854742975517,-1.3816465552490538,-0.0011147980642790842
12.830436102234492,-1.3786927945543044,-0.0011131551006052754
12.845017461493464,-1.375739033859555,-0.0011115121369314666
12.859598820752437,-1.3727852731648058,-0.0011098691732576579
12.87418018001141,-1.3698315124700566,-0.0011082262095838489
12.888761539270382,-1.3668777517753072,-0.0011065832459100401
12.903342898529354,-1.3639239910805578,-0.0011049402822362313
12.917924257788327,-1.3609702303858087,-0.0011032973185624226
12.932505617047301,-1.3580164696910595,-0.0011016543548886138
12.947086976306274,-1.35506270899631,-0.001100011391214805
12.961668335565246,-1.3521089483015607,-0.0010983684275409963
12.976249694824219,-1.3491551876068115,-0.0010967254638671875
12.983139283586256,-1.344486923501043,-0.001092721920202274
12.990028872348294,-1.3398186593952746,-0.0010887183765373608
12.996918461110333,-1.335150395289506,-0.0010847148328724473
13.00380804987237,-1.3304821311837376,-0.001080711289207534
13.010697638634408,-1.325813867077969,-0.0010767077455426206
13.017587227396445,-1.3211456029722006,-0.0010727042018777073
13.024476816158483,-1.3164773388664321,-0.0010687006582127938
13.031366404920522,-1.3118090747606637,-0.0010646971145478806
13.03825599368256,-1.3071408106548952,-0.0010606935708829671
13.045145582444597,-1.3024725465491267,-0.0010566900272180539
13.052035171206635,-1.2978042824433582,-0.0010526864835531404
13.058924759968672,-1.2931360183375897,-0.0010486829398882271
13.06581434873071,-1.2884677542318212,-0.0010446793962233137
13.072703937492749,-1.2837994901260528,-0.0010406758525584004
13.079593526254786,-1.2791312260202843,-0.001036672308893487
13.086483115016824,-1.2744629619145158,-0.0010326687652285737
13.093372703778861,-1.2697946978087473,-0.0010286652215636602
13.100262292540899,-1.2651264337029788,-0.001024661677898747
13.107151881302938,-1.2604581695972104,-0.0010206581342338335
13.114041470064976,-1.2557899054914419,-0.0010166545905689202
13.120931058827013,-1.2511216413856734,-0.0010126510469040068
13.12782064758905,-1.246453377279905,-0.0010086475032390935
13.134710236351088,-1.2417851131741364,-0.00100464395957418
13.141599825113127,-1.237116849068368,-0.0010006404159092668
13.148489413875165,-1.2324485849625995,-0.0009966368722443533
13.155379002637202,-1.227780320856831,-0.00099263332857944
13.16226859139924,-1.2231120567510623,-0.0009886297849145266
13.169158180161277,-1.2184437926452938,-0.0009846262412496133
13.176047768923315,-1.2137755285395255,-0.0009806226975846999
13.182937357685354,-1.2091072644337568,-0.0009766191539197866
13.189826946447392,-1.2044390003279883,-0.0009726156102548731
13.196716535209429,-1.1997707362222199,-0.0009686120665899598
13.203606123971467,-1.1951024721164514,-0.0009646085229250464
13.210495712733504,-1.190434208010683,-0.000960604979260133
13.217385301495543,-1.1857659439049144,-0.0009566014355952197
13.22427489025758,-1.181097679799146,-0.0009525978919303063
13.231164479019618,-1.1764294156933774,-0.000948594348265393
13.238054067781656,-1.171761151587609,-0.0009445908046004796
13.244943656543693,-1.1670928874818405,-0.0009405872609355662
13.251833245305733,-1.162424623376072,-0.0009365837172706529
13.25872283406777,-1.1577563592703035,-0.0009325801736057395
13.265612422829808,-1.153088095164535,-0.0009285766299408261
13.272502011591845,-1.1484198310587665,-0.0009245730862759128
13.279391600353883,-1.143751566952998,-0.0009205695426109994
13.28628118911592,-1.1390833028472296,-0.000916565998946086
13.29317077787796,-1.134415038741461,-0.0009125624552811726
13.300060366639997,-1.1297467746356926,-0.0009085589116162593
13.306949955402034,-1.1250785105299241,-0.000904555367951346
13.313839544164072,-1.1204102464241557,-0.0009005518242864326
13.32072913292611,-1.1157419823183872,-0.0008965482806215191
13.327618721688149,-1.1110737182126187,-0.0008925447369566059
13.334508310450186,-1.1064054541068502,-0.0008885411932916924
13.341397899212224,-1.1017371900010817,-0.000884537649626779
13.348287487974261,-1.0970689258953132,-0.0008805341059618657
13.355177076736299,-1.0924006617895448,-0.0008765305622969523
13.362066665498338,-1.0877323976837763,-0.000872527018632039
13.368956254260375,-1.0830641335780078,-0.0008685234749671257
13.375845843022413,-1.0783958694722393,-0.0008645199313022122
13.38273543178445,-1.0737276053664708,-0.000860516387637299
13.389625020546488,-1.0690593412607023,-0.0008565128439723855
13.396514609308525,-1.0643910771549339,-0.0008525093003074722
13.403404198070564,-1.0597228130491654,-0.0008485057566425588
13.410293786832602,-1.055054548943397,-0.0008445022129776454
13.41718337559464,-1.0503862848376284,-0.000840498669312732
13.424072964356677,-1.04571802073186,-0.0008364951256478187
13.430962553118714,-1.0410497566260914,-0.0008324915819829053
13.437852141880754,-1.0363814925203227,-0.000828488038317992
13.444741730642791,-1.0317132284145543,-0.0008244844946530786
13.451631319404829,-1.0270449643087858,-0.0008204809509881652
13.458520908166866,-1.0223767002030175,-0.0008164774073232519
13.465410496928904,-1.017708436097249,-0.0008124738636583385
13.472300085690943,-1.0130401719914806,-0.0008084703199934251
13.47918967445298,-1.0083719078857118,-0.0008044667763285118
13.486079263215018,-1.0037036437799434,-0.0008004632326635984
13.492968851977055,-0.999035379674175,-0.000796459688998685
13.499858440739093,-0.9943671155684065,-0.0007924561453337717
13.506748029501132,-0.989698851462638,-0.0007884526016688582
13.51363761826317,-0.9850305873568695,-0.000784449058003945
13.520527207025207,-0.980362323251101,-0.0007804455143390315
13.527416795787245,-0.9756940591453325,-0.0007764419706741182
13.534306384549282,-0.971025795039564,-0.0007724384270092048
13.54119597331132,-0.9663575309337955,-0.0007684348833442915
13.548085562073359,-0.9616892668280271,-0.000764431339679378
13.554975150835396,-0.9570210027222587,-0.0007604277960144648
13.561864739597434,-0.9523527386164902,-0.0007564242523495513
13.568754328359471,-0.9476844745107216,-0.0007524207086846381
13.575643917121509,-0.9430162104049531,-0.0007484171650197246
13.582533505883548,-0.9383479462991846,-0.0007444136213548113
13.589423094645586,-0.9336796821934161,-0.0007404100776898979
13.596312683407623,-0.9290114180876476,-0.0007364065340249846
13.60320227216966,-0.9243431539818792,-0.0007324029903600711
13.610091860931698,-0.9196748898761107,-0.0007283994466951578
13.616981449693736,-0.9150066257703422,-0.0007243959030302444
13.623871038455775,-0.9103383616645737,-0.000720392359365331
13.630760627217812,-0.9056700975588052,-0.0007163888157004177
13.63765021597985,-0.9010018334530367,-0.0007123852720355044
13.644539804741887,-0.8963335693472683,-0.000708381728370591
13.651429393503925,-0.8916653052414998,-0.0007043781847056776
13.658318982265964,-0.8869970411357313,-0.0007003746410407642
13.665208571028002,-0.8823287770299628,-0.0006963710973758509
13.672098159790039,-0.8776605129241943,-0.0006923675537109375
13.674813506626847,-0.8657856247212627,-0.0006807723847946318
13.677528853463654,-0.853910736518331,-0.0006691772158783261
13.680244200300463,-0.8420358483153995,-0.0006575820469620204
13.68295954713727,-0.8301609601124679,-0.0006459868780457148
13.685674893974078,-0.8182860719095362,-0.000634391709129409
13.688390240810886,-0.8064111837066046,-0.0006227965402131033
13.691105587647693,-0.794536295503673,-0.0006112013712967977
13.693820934484501,-0.7826614073007414,-0.000599606202380492
13.696536281321308,-0.7707865190978097,-0.0005880110334641862
13.699251628158116,-0.7589116308948781,-0.0005764158645478806
13.701966974994924,-0.7470367426919465,-0.0005648206956315749
13.704682321831731,-0.7351618544890148,-0.0005532255267152691
13.70739766866854,-0.7232869662860832,-0.0005416303577989635
13.710113015505346,-0.7114120780831517,-0.0005300351888826578
13.712828362342155,-0.6995371898802201,-0.0005184400199663521
13.715543709178963,-0.6876623016772884,-0.0005068448510500464
13.71825905601577,-0.6757874134743568,-0.0004952496821337407
13.720974402852578,-0.6639125252714252,-0.00048365451321743505
13.723689749689385,-0.6520376370684935,-0.0004720593443011293
13.726405096526193,-0.6401627488655619,-0.00046046417538482364
13.729120443363001,-0.6282878606626303,-0.00044886900646851796
13.731835790199808,-0.6164129724596987,-0.0004372738375522123
13.734551137036616,-0.604538084256767,-0.00042567866863590654
13.737266483873423,-0.5926631960538354,-0.00041408349971960086
13.739981830710231,-0.5807883078509037,-0.0004024883308032952
13.74269717754704,-0.5689134196479722,-0.00039089316188698945
13.745412524383847,-0.5570385314450406,-0.00037929799297068377
13.748127871220655,-0.545163643242109,-0.0003677028240543781
13.750843218057463,-0.5332887550391774,-0.0003561076551380724
13.75355856489427,-0.5214138668362457,-0.00034451248622176673
13.756273911731078,-0.5095389786333141,-0.000332917317305461
13.758989258567885,-0.49766409043038246,-0.0003213221483891553
13.761704605404693,-0.4857892022274508,-0.00030972697947284964
13.764419952241502,-0.47391431402451917,-0.0002981318105565439
13.767135299078308,-0.46203942582158763,-0.0002865366416402383
13.769850645915117,-0.450164537618656,-0.00027494147272393254
13.772565992751924,-0.43828964941572435,-0.00026334630380762687
13.775281339588732,-0.4264147612127927,-0.0002517511348913212
13.77799668642554,-0.4145398730098611,-0.00024015596597501545
13.780712033262347,-0.40266498480692947,-0.00022856079705870977
13.783427380099155,-0.3907900966039978,-0.00021696562814240404
13.786142726935962,-0.37891520840106624,-0.0002053704592260984
13.78885807377277,-0.3670403201981346,-0.00019377529030979268
13.791573420609579,-0.355165431995203,-0.00018218012139348705
13.794288767446385,-0.3432905437922714,-0.00017058495247718132
13.797004114283194,-0.3314156555893397,-0.00015898978356087559
13.79971946112,-0.31954076738640813,-0.00014739461464456985
13.802434807956809,-0.30766587918347654,-0.00013579944572826423
13.805150154793617,-0.29579099098054495,-0.0001242042768119586
13.807865501630424,-0.28391610277761326,-0.00011260910789565287
13.810580848467232,-0.27204121457468167,-0.00010101393897934713
13.813296195304039,-0.26016632637174997,-8.94187700630414e-05
13.816011542140847,-0.24829143816881838,-7.782360114673577e-05
13.818726888977656,-0.2364165499658868,-6.622843223043004e-05
13.821442235814462,-0.2245416617629551,-5.4633263314124306e-05
13.82415758265127,-0.2126667735600235,-4.303809439781868e-05
13.826872929488077,-0.20079188535709203,-3.1442925481513055e-05
13.829588276324886,-0.18891699715416033,-1.984775656520732e-05
13.832303623161694,-0.17704210895122874,-8.252587648901696e-06
13.835018969998501,-0.16516722074829704,3.342581267404038e-06
13.83773431683531,-0.15329233254536545,1.4937750183709772e-05
13.840449663672116,-0.14141744434243386,2.6532919100015506e-05
13.843165010508924,-0.12954255613950216,3.812808801632113e-05
13.845880357345733,-0.11766766793657057,4.9723256932626865e-05
13.84859570418254,-0.10579277973363899,6.13184258489326e-05
13.851311051019348,-0.09391789153070729,7.291359476523822e-05
13.854026397856154,-0.0820430033277757,8.450876368154396e-05
13.856741744692963,-0.070168115124844,9.610393259784969e-05
13.859457091529771,-0.05829322692191241,0.00010769910151415543
13.862172438366578,-0.046418338718980934,0.00011929427043046094
13.864887785203386,-0.034543450516049234,0.00013088943934676668
13.867603132040193,-0.022668562313117646,0.0001424846082630724
13.870318478877001,-0.010793674110186058,0.00015407977717937804
13.87303382571381,0.0010812140927456415,0.00016567494609568377
13.875749172550616,0.01295610229567723,0.0001772701150119895
13.878464519387425,0.02483099049860893,0.00018886528392829513
13.881179866224233,0.03670587870154052,0.00020046045284460086
13.88389521306104,0.048580766904472106,0.0002120556217609066
13.886610559897848,0.060455655107403805,0.00022365079067721233
13.889325906734655,0.0723305433103354,0.00023524595959351796
13.892041253571463,0.08420543151326709,0.0002468411285098237
13.894756600408272,0.09608031971619868,0.0002584362974261294
13.897471947245078,0.10795520791913016,0.00027003146634243494
13.900187294081887,0.11983009612206186,0.0002816266352587407
13.902902640918693,0.13170498432499333,0.0002932218041750464
13.905617987755502,0.14357987252792515,0.00030481697309135214
13.90833333459231,0.15545476073085673,0.0003164121420076579
13.911048681429117,0.16732964893378832,0.0003280073109239634
13.913764028265925,0.1792045371367199,0.00033960247984026913
13.916479375102732,0.1910794253396515,0.00035119764875657486
13.91919472193954,0.2029543135425833,0.0003627928176728806
13.921910068776349,0.2148292017455149,0.00037438798658918633
13.924625415613155,0.22670408994844649,0.00038598315550549206
13.927340762449964,0.23857897815137807,0.0003975783244217978
13.93005610928677,0.25045386635430966,0.0004091734933381033
13.932771456123579,0.26232875455724125,0.00042076866225440905
13.935486802960387,0.27420364276017284,0.0004323638311707148
13.938202149797194,0.2860785309631044,0.0004439590000870203
13.940917496634002,0.29795341916603624,0.00045555416900332603
13.943632843470809,0.3098283073689678,0.00046714933791963177
13.946348190307617,0.3217031955718994,0.0004787445068359375
13.945045055729327,0.3329463571605116,0.0004900564061533106
13.94374192115104,0.34418951874912374,0.0005013683054706838
13.94243878657275,0.3554326803377359,0.0005126802047880569
13.94113565199446,0.3666758419263481,0.00052399210410543
13.93983251741617,0.37791900351496027,0.0005353040034228032
13.938529382837881,0.38916216510357243,0.0005466159027401763
13.937226248259591,0.4004053266921846,0.0005579278020575496
13.935923113681302,0.41164848828079675,0.0005692397013749227
13.934619979103013,0.4228916498694089,0.0005805516006922958
13.933316844524724,0.43413481145802113,0.000591863500009669
13.932013709946434,0.4453779730466333,0.0006031753993270421
13.930710575368145,0.45662113463524545,0.0006144872986444152
13.929407440789856,0.4678642962238576,0.0006257991979617884
13.928104306211566,0.4791074578124698,0.0006371110972791615
13.926801171633276,0.49035061940108193,0.0006484229965965346
13.925498037054988,0.5015937809896941,0.0006597348959139078
13.924194902476698,0.5128369425783064,0.000671046795231281
13.922891767898408,0.5240801041669184,0.000682358694548654
13.92158863332012,0.5353232657555307,0.0006936705938660273
13.92028549874183,0.5465664273441428,0.0007049824931834004
13.91898236416354,0.557809588932755,0.0007162943925007736
13.917679229585252,0.5690527505213672,0.0007276062918181467
13.916376095006962,0.5802959121099793,0.0007389181911355198
13.915072960428672,0.5915390736985915,0.000750230090452893
13.913769825850382,0.6027822352872036,0.0007615419897702661
13.912466691272094,0.6140253968758158,0.0007728538890876392
13.911163556693804,0.625268558464428,0.0007841657884050124
13.909860422115514,0.6365117200530401,0.0007954776877223855
13.908557287537226,0.6477548816416523,0.0008067895870397586
13.907254152958936,0.6589980432302645,0.0008181014863571318
13.905951018380646,0.6702412048188766,0.0008294133856745049
13.904647883802358,0.6814843664074888,0.000840725284991878
13.903344749224068,0.6927275279961009,0.0008520371843092512
13.902041614645778,0.7039706895847132,0.0008633490836266244
13.900738480067488,0.7152138511733253,0.0008746609829439974
13.8994353454892,0.7264570127619374,0.0008859728822613706
13.89813221091091,0.7377001743505497,0.0008972847815787438
13.89682907633262,0.7489433359391618,0.000908596680896117
13.895525941754332,0.760186497527774,0.0009199085802134901
13.894222807176043,0.7714296591163863,0.0009312204795308633
13.892919672597753,0.7826728207049984,0.0009425323788482365
13.891616538019463,0.7939159822936105,0.0009538442781656095
13.890313403441175,0.8051591438822228,0.0009651561774829827
13.889010268862885,0.8164023054708349,0.0009764680768003558
13.887707134284595,0.8276454670594471,0.000987779976117729
13.886403999706307,0.8388886286480592,0.0009990918754351021
13.885100865128017,0.8501317902366714,0.0010104037747524753
13.883797730549727,0.8613749518252836,0.0010217156740698484
13.882494595971439,0.8726181134138957,0.0010330275733872215
13.881191461393149,0.8838612750025079,0.0010443394727045947
13.879888326814859,0.89510443659112,0.0010556513720219678
13.878585192236569,0.9063475981797322,0.001066963271339341
13.877282057658281,0.9175907597683444,0.001078275170656714
13.875978923079991,0.9288339213569566,0.0010895870699740872
13.874675788501701,0.9400770829455688,0.0011008989692914604
13.873372653923413,0.951320244534181,0.0011122108686088335
13.872069519345123,0.962563406122793,0.0011235227679262066
13.870766384766833,0.9738065677114052,0.0011348346672435798
13.869463250188545,0.9850497293000173,0.001146146566560953
13.868160115610255,0.9962928908886295,0.001157458465878326
13.866856981031965,1.0075360524772417,0.0011687703651956992
13.865553846453675,1.0187792140658538,0.0011800822645130723
13.864250711875387,1.030022375654466,0.0011913941638304454
13.862947577297097,1.0412655372430781,0.0012027060631478186
13.861644442718807,1.0525086988316903,0.0012140179624651917
13.86034130814052,1.0637518604203025,0.0012253298617825648
13.85903817356223,1.0749950220089148,0.0012366417610999382
13.85773503898394,1.086238183597527,0.0012479536604173113
13.85643190440565,1.0974813451861392,0.0012592655597346845
13.855128769827362,1.108724506774751,0.0012705774590520574
13.853825635249072,1.1199676683633633,0.0012818893583694305
13.852522500670782,1.1312108299519754,0.0012932012576868037
13.851219366092494,1.1424539915405878,0.001304513157004177
13.849916231514204,1.1536971531292,0.0013158250563215501
13.848613096935914,1.1649403147178121,0.0013271369556389233
13.847309962357626,1.1761834763064243,0.0013384488549562964
13.846006827779336,1.1874266378950364,0.0013497607542736695
13.844703693201046,1.1986697994836486,0.0013610726535910427
13.843400558622756,1.209912961072261,0.001372384552908416
13.842097424044468,1.2211561226608731,0.0013836964522257892
13.840794289466178,1.2323992842494853,0.0013950083515431623
13.839491154887888,1.2436424458380975,0.0014063202508605354
13.8381880203096,1.2548856074267094,0.0014176321501779084
13.83688488573131,1.2661287690153216,0.0014289440494952815
13.83558175115302,1.2773719306039337,0.0014402559488126546
13.834278616574732,1.288615092192546,0.001451567848130028
13.832975481996442,1.2998582537811583,0.001462879747447401
13.831672347418152,1.3111014153697704,0.001474191646764774
13.830369212839862,1.3223445769583826,0.0014855035460821474
13.829066078261574,1.3335877385469947,0.0014968154453995205
13.827762943683284,1.344830900135607,0.0015081273447168937
13.826459809104994,1.356074061724219,0.0015194392440342668
13.825156674526706,1.3673172233128312,0.00153075114335164
13.823853539948416,1.3785603849014434,0.001542063042669013
13.822550405370126,1.3898035464900553,0.001553374941986386
13.821247270791838,1.4010467080786677,0.0015646868413037593
13.819944136213548,1.4122898696672799,0.0015759987406211325
13.818641001635259,1.423533031255892,0.0015873106399385056
13.817337867056969,1.4347761928445042,0.0015986225392558787
13.81603473247868,1.4460193544331164,0.0016099344385732519
13.81473159790039,1.4572625160217285,0.001621246337890625
13.808083165990244,1.462332845914482,0.0016268928452293472
13.801434734080097,1.4674031758072352,0.0016325393525680693
13.794786302169951,1.4724735056999887,0.0016381858599067915
13.788137870259805,1.477543835592742,0.0016438323672455135
13.781489438349658,1.4826141654854954,0.0016494788745842358
13.77484100643951,1.4876844953782489,0.001655125381922958
13.768192574529365,1.4927548252710021,0.00166077188926168
13.761544142619218,1.4978251551637556,0.0016664183966004023
13.754895710709071,1.5028954850565088,0.0016720649039391243
13.748247278798924,1.5079658149492623,0.0016777114112778465
13.741598846888778,1.5130361448420155,0.0016833579186165688
13.734950414978632,1.518106474734769,0.0016890044259552908
13.728301983068485,1.5231768046275225,0.001694650933294013
13.721653551158338,1.5282471345202757,0.001700297440632735
13.715005119248191,1.5333174644130292,0.0017059439479714573
13.708356687338044,1.5383877943057824,0.0017115904553101796
13.7017082554279,1.543458124198536,0.0017172369626489016
13.695059823517752,1.5485284540912891,0.0017228834699876238
13.688411391607605,1.5535987839840426,0.0017285299773263459
13.681762959697458,1.558669113876796,0.001734176484665068
13.675114527787313,1.5637394437695493,0.0017398229920037901
13.668466095877166,1.5688097736623028,0.0017454694993425124
13.66181766396702,1.573880103555056,0.0017511160066812346
13.655169232056872,1.5789504334478095,0.0017567625140199566
13.648520800146725,1.584020763340563,0.0017624090213586789
13.64187236823658,1.5890910932333162,0.0017680555286974011
13.635223936326433,1.5941614231260697,0.0017737020360361231
13.628575504416286,1.599231753018823,0.0017793485433748454
13.62192707250614,1.6043020829115764,0.0017849950507135674
13.615278640595994,1.6093724128043299,0.0017906415580522896
13.608630208685847,1.614442742697083,0.0017962880653910117
13.6019817767757,1.6195130725898366,0.001801934572729734
13.595333344865553,1.6245834024825898,0.0018075810800684562
13.588684912955406,1.6296537323753433,0.0018132275874071782
13.582036481045261,1.6347240622680965,0.0018188740947459004
13.575388049135114,1.63979439216085,0.0018245206020846224
13.568739617224967,1.6448647220536035,0.0018301671094233447
13.56209118531482,1.6499350519463567,0.001835813616762067
13.555442753404673,1.6550053818391102,0.001841460124100789
13.548794321494528,1.6600757117318634,0.0018471066314395112
13.542145889584381,1.6651460416246169,0.0018527531387782332
13.535497457674234,1.6702163715173701,0.0018583996461169555
13.528849025764087,1.6752867014101236,0.0018640461534556777
13.522200593853942,1.680357031302877,0.0018696926607943997
13.515552161943795,1.6854273611956303,0.001875339168133122
13.508903730033648,1.6904976910883838,0.001880985675471844
13.502255298123501,1.695568020981137,0.0018866321828105662
13.495606866213354,1.7006383508738905,0.0018922786901492883
13.488958434303209,1.705708680766644,0.0018979251974880105
13.482310002393062,1.7107790106593972,0.0019035717048267327
13.475661570482915,1.7158493405521507,0.0019092182121654548
13.469013138572768,1.720919670444904,0.001914864719504177
13.462364706662623,1.7259900003376574,0.0019205112268428992
13.455716274752476,1.7310603302304108,0.0019261577341816213
13.449067842842329,1.736130660123164,0.0019318042415203435
13.442419410932182,1.7412009900159175,0.0019374507488590658
13.435770979022035,1.7462713199086708,0.0019430972561977878
13.42912254711189,1.7513416498014243,0.0019487437635365098
13.422474115201743,1.7564119796941777,0.0019543902708752323
13.415825683291596,1.761482309586931,0.0019600367782139543
13.409177251381449,1.7665526394796842,0.0019656832855526763
13.402528819471303,1.7716229693724377,0.0019713297928913983
13.395880387561157,1.7766932992651912,0.001976976300230121
13.38923195565101,1.7817636291579446,0.001982622807568843
13.382583523740863,1.7868339590506979,0.001988269314907565
13.375935091830716,1.791904288943451,0.0019939158222462873
13.36928665992057,1.7969746188362046,0.0019995623295850093
13.362638228010423,1.802044948728958,0.0020052088369237313
13.355989796100276,1.8071152786217115,0.002010855344262454
13.34934136419013,1.8121856085144648,0.002016501851601176
13.342692932279983,1.817255938407218,0.002022148358939898
13.336044500369837,1.8223262682999715,0.00202779486627862
13.32939606845969,1.827396598192725,0.0020334413736173423
13.322747636549543,1.8324669280854782,0.0020390878809560644
13.316099204639396,1.8375372579782316,0.0020447343882947864
13.309450772729251,1.8426075878709849,0.002050380895633509
13.302802340819104,1.8476779177637384,0.002056027402972231
13.296153908908957,1.8527482476564918,0.002061673910310953
13.28950547699881,1.857818577549245,0.0020673204176496754
13.282857045088663,1.8628889074419985,0.0020729669249883974
13.276208613178518,1.8679592373347518,0.0020786134323271194
13.269560181268371,1.8730295672275052,0.0020842599396658414
13.262911749358224,1.8780998971202587,0.002089906447004564
13.256263317448077,1.883170227013012,0.002095552954343286
13.24961488553793,1.8882405569057652,0.002101199461682008
13.242966453627785,1.8933108867985187,0.0021068459690207304
13.236318021717638,1.8983812166912721,0.0021124924763594524
13.229669589807491,1.9034515465840256,0.0021181389836981744
13.223021157897344,1.9085218764767788,0.0021237854910368965
13.216372725987199,1.913592206369532,0.002129431998375619
13.209724294077052,1.9186625362622856,0.002135078505714341
13.203075862166905,1.923732866155039,0.002140725013053063
13.196427430256758,1.9288031960477925,0.0021463715203917854
13.189778998346611,1.9338735259405457,0.0021520180277305075
13.183130566436466,1.938943855833299,0.0021576645350692295
13.176482134526319,1.9440141857260524,0.0021633110424079515
13.169833702616172,1.949084515618806,0.002168957549746674
13.163185270706025,1.9541548455115592,0.002174604057085396
13.15653683879588,1.9592251754043126,0.0021802505644241185
13.149888406885733,1.9642955052970659,0.0021858970717628405
13.143239974975586,1.9693658351898193,0.0021915435791015625
13.134146501522252,1.9709692142977573,0.0021939608130124534
13.12505302806892,1.9725725934056952,0.0021963780469233447
13.115959554615587,1.9741759725136332,0.0021987952808342356
13.106866081162254,1.9757793516215711,0.002201212514745127
13.097772607708922,1.977382730729509,0.0022036297486560177
13.088679134255589,1.978986109837447,0.002206046982566909
13.079585660802255,1.980589488945385,0.0022084642164778
13.070492187348924,1.982192868053323,0.0022108814503886912
13.06139871389559,1.983796247161261,0.002213298684299582
13.052305240442257,1.9853996262691989,0.0022157159182104734
13.043211766988923,1.9870030053771368,0.0022181331521213643
13.034118293535592,1.9886063844850748,0.0022205503860322556
13.025024820082258,1.9902097635930127,0.0022229676199431465
13.015931346628925,1.9918131427009507,0.0022253848538540378
13.006837873175593,1.9934165218088886,0.0022278020877649287
12.99774439972226,1.9950199009168266,0.00223021932167582
12.988650926268926,1.9966232800247645,0.002232636555586711
12.979557452815595,1.9982266591327025,0.002235053789497602
12.970463979362261,1.9998300382406404,0.002237471023408493
12.961370505908928,2.0014334173485784,0.0022398882573193843
12.952277032455596,2.0030367964565166,0.002242305491230275
12.943183559002263,2.0046401755644543,0.0022447227251411665
12.93409008554893,2.0062435546723925,0.0022471399590520574
12.924996612095597,2.00784693378033,0.0022495571929629487
12.915903138642264,2.0094503128882684,0.0022519744268738396
12.90680966518893,2.011053691996206,0.002254391660784731
12.897716191735599,2.0126570711041443,0.0022568088946956217
12.888622718282265,2.014260450212082,0.002259226128606513
12.879529244828932,2.01586382932002,0.002261643362517404
12.8704357713756,2.017467208427958,0.0022640605964282952
12.861342297922267,2.019070587535896,0.002266477830339186
12.852248824468933,2.020673966643834,0.0022688950642500774
12.8431553510156,2.022277345751772,0.0022713122981609683
12.834061877562268,2.0238807248597097,0.0022737295320718596
12.824968404108935,2.025484103967648,0.0022761467659827505
12.815874930655601,2.0270874830755856,0.002278563999893642
12.80678145720227,2.028690862183524,0.0022809812338045327
12.797687983748936,2.0302942412914615,0.002283398467715424
12.788594510295603,2.0318976203993997,0.002285815701626315
12.779501036842271,2.0335009995073374,0.002288232935537206
12.770407563388938,2.0351043786152756,0.002290650169448097
12.761314089935604,2.0367077577232133,0.0022930674033589883
12.752220616482273,2.0383111368311515,0.002295484637269879
12.74312714302894,2.0399145159390892,0.0022979018711807705
12.734033669575606,2.0415178950470274,0.0023003191050916614
12.724940196122274,2.043121274154965,0.0023027363390025527
12.71584672266894,2.0447246532629033,0.0023051535729134436
12.706753249215607,2.046328032370841,0.002307570806824335
12.697659775762276,2.047931411478779,0.0023099880407352258
12.688566302308942,2.049534790586717,0.002312405274646117
12.679472828855609,2.051138169694655,0.002314822508557008
12.670379355402275,2.052741548802593,0.0023172397424678992
12.661285881948944,2.054344927910531,0.00231965697637879
12.65219240849561,2.0559483070184688,0.0023220742102896814
12.643098935042277,2.057551686126407,0.0023244914442005723
12.634005461588945,2.0591550652343447,0.0023269086781114636
12.624911988135612,2.060758444342283,0.0023293259120223545
12.615818514682278,2.0623618234502206,0.002331743145933246
12.606725041228946,2.0639652025581587,0.0023341603798441367
12.597631567775613,2.0655685816660965,0.002336577613755028
12.58853809432228,2.0671719607740346,0.002338994847665919
12.579444620868948,2.0687753398819724,0.00234141208157681
12.570351147415614,2.0703787189899105,0.002343829315487701
12.561257673962281,2.0719820980978483,0.0023462465493985923
12.55216420050895,2.0735854772057865,0.002348663783309483
12.543070727055616,2.075188856313724,0.0023510810172203745
12.533977253602282,2.0767922354216624,0.0023534982511312654
12.52488378014895,2.0783956145296,0.0023559154850421567
12.515790306695617,2.0799989936375383,0.0023583327189530476
12.506696833242284,2.081602372745476,0.002360749952863939
12.49760335978895,2.083205751853414,0.0023631671867748298
12.488509886335619,2.084809130961352,0.002365584420685721
12.479416412882285,2.08641251006929,0.002368001654596612
12.470322939428952,2.088015889177228,0.0023704188885075033
12.46122946597562,2.089619268285166,0.002372836122418394
12.452135992522287,2.0912226473931037,0.0023752533563292854
12.443042519068953,2.092826026501042,0.0023776705902401763
12.433949045615622,2.0944294056089796,0.0023800878241510676
12.424855572162288,2.096032784716918,0.0023825050580619585
12.415762098708955,2.0976361638248555,0.00238492229197285
12.406668625255623,2.0992395429327937,0.0023873395258837407
12.39757515180229,2.1008429220407314,0.002389756759794632
12.388481678348956,2.1024463011486696,0.002392173993705523
12.379388204895625,2.1040496802566073,0.002394591227616414
12.370294731442291,2.1056530593645455,0.002397008461527305
12.361201257988958,2.1072564384724832,0.0023994256954381963
12.352107784535626,2.1088598175804214,0.0024018429293490872
12.343014311082293,2.110463196688359,0.0024042601632599785
12.333920837628959,2.1120665757962973,0.0024066773971708694
12.324827364175626,2.113669954904235,0.0024090946310817607
12.315733890722294,2.115273334012173,0.0024115118649926516
12.30664041726896,2.116876713120111,0.002413929098903543
12.297546943815627,2.118480092228049,0.0024163463328144338
12.288453470362295,2.1200834713359873,0.002418763566725325
12.279359996908962,2.121686850443925,0.002421180800636216
12.270266523455629,2.1232902295518628,0.0024235980345471073
12.261173050002297,2.124893608659801,0.002426015268457998
12.252079576548963,2.126496987767739,0.002428432502368889
12.24298610309563,2.128100366875677,0.0024308497362797803
12.233892629642298,2.1297037459836146,0.0024332669701906716
12.224799156188965,2.1313071250915527,0.0024356842041015625
12.208783848450915,2.1293151626492492,0.002435155434183555
12.192768540712866,2.1273232002069453,0.0024346266642655476
12.176753232974818,2.125331237764642,0.00243409789434754
12.160737925236768,2.1233392753223383,0.0024335691244295327
12.144722617498719,2.1213473128800344,0.002433040354511525
12.128707309760669,2.119355350437731,0.0024325115845935177
12.112692002022621,2.117363387995427,0.0024319828146755107
12.096676694284572,2.1153714255531235,0.0024314540447575033
12.080661386546522,2.11337946311082,0.002430925274839496
12.064646078808472,2.111387500668516,0.0024303965049214883
12.048630771070425,2.1093955382262126,0.002429867735003481
12.032615463332375,2.107403575783909,0.0024293389650854734
12.016600155594325,2.105411613341605,0.002428810195167466
12.000584847856276,2.1034196508993017,0.0024282814252494585
11.984569540118226,2.1014276884569982,0.002427752655331451
11.968554232380178,2.0994357260146943,0.0024272238854134436
11.952538924642129,2.097443763572391,0.002426695115495436
11.93652361690408,2.095451801130087,0.0024261663455774287
11.92050830916603,2.0934598386877834,0.0024256375756594216
11.904493001427982,2.09146787624548,0.002425108805741414
11.888477693689932,2.089475913803176,0.0024245800358234067
11.872462385951883,2.0874839513608725,0.0024240512659053992
11.856447078213833,2.085491988918569,0.002423522495987392
11.840431770475783,2.083500026476265,0.0024229937260693843
11.824416462737736,2.0815080640339616,0.002422464956151377
11.808401154999686,2.0795161015916577,0.0024219361862333694
11.792385847261636,2.077524139149354,0.002421407416315362
11.776370539523587,2.0755321767070507,0.0024208786463973545
11.760355231785539,2.0735402142647468,0.002420349876479347
11.74433992404749,2.0715482518224433,0.0024198211065613396
11.72832461630944,2.06955628938014,0.002419292336643332
11.71230930857139,2.067564326937836,0.002418763566725325
11.69629400083334,2.0655723644955324,0.0024182347968073176
11.680278693095293,2.063580402053229,0.00241770602688931
11.664263385357243,2.061588439610925,0.0024171772569713027
11.648248077619193,2.0595964771686215,0.0024166484870532952
11.632232769881144,2.0576045147263176,0.0024161197171352878
11.616217462143096,2.055612552284014,0.0024155909472172803
11.600202154405046,2.0536205898417106,0.002415062177299273
11.584186846666997,2.0516286273994067,0.0024145334073812654
11.568171538928947,2.049636664957103,0.002414004637463258
11.5521562311909,2.0476447025147997,0.0024134758675452505
11.53614092345285,2.0456527400724958,0.002412947097627243
11.5201256157148,2.0436607776301923,0.0024124183277092356
11.50411030797675,2.0416688151878883,0.0024118895577912285
11.488095000238701,2.039676852745585,0.002411360787873221
11.472079692500653,2.0376848903032814,0.0024108320179552136
11.456064384762604,2.0356929278609774,0.002410303248037206
11.440049077024554,2.033700965418674,0.0024097744781191987
11.424033769286504,2.0317090029763705,0.0024092457082011912
11.408018461548457,2.0297170405340665,0.0024087169382831838
11.392003153810407,2.027725078091763,0.0024081881683651763
11.375987846072357,2.0257331156494596,0.002407659398447169
11.359972538334308,2.0237411532071556,0.0024071306285291614
11.34395723059626,2.021749190764852,0.002406601858611154
11.32794192285821,2.0197572283225482,0.0024060730886931465
11.31192661512016,2.0177652658802447,0.0024055443187751394
11.295911307382111,2.0157733034379413,0.002405015548857132
11.279895999644062,2.0137813409956373,0.0024044867789391245
11.263880691906014,2.011789378553334,0.002403958009021117
11.247865384167964,2.0097974161110304,0.0024034292391031096
11.231850076429915,2.0078054536687264,0.002402900469185102
11.215834768691865,2.005813491226423,0.0024023716992670947
11.199819460953817,2.0038215287841195,0.0024018429293490872
11.183804153215767,2.0018295663418155,0.0024013141594310798
11.167788845477718,1.999837603899512,0.0024007853895130723
11.151773537739668,1.9978456414572083,0.002400256619595065
11.13575823000162,1.9958536790149046,0.0023997278496770574
11.11974292226357,1.993861716572601,0.00239919907975905
11.103727614525521,1.9918697541302974,0.002398670309841043
11.087712306787472,1.9898777916879937,0.0023981415399230354
11.071696999049422,1.98788582924569,0.002397612770005028
11.055681691311374,1.9858938668033863,0.0023970840000870205
11.039666383573325,1.9839019043610828,0.002396555230169013
11.023651075835275,1.9819099419187791,0.0023960264602510056
11.007635768097225,1.9799179794764754,0.002395497690332998
10.991620460359176,1.977926017034172,0.0023949689204149907
10.975605152621128,1.9759340545918682,0.002394440150496983
10.959589844883078,1.9739420921495645,0.0023939113805789758
10.943574537145029,1.9719501297072608,0.0023933826106609683
10.92755922940698,1.9699581672649573,0.002392853840742961
10.911543921668931,1.9679662048226536,0.0023923250708249534
10.895528613930882,1.96597424238035,0.0023917963009069463
10.879513306192832,1.9639822799380462,0.002391267530988939
10.863497998454783,1.9619903174957427,0.0023907387610709314
10.847482690716735,1.959998355053439,0.002390209991152924
10.831467382978685,1.9580063926111353,0.0023896812212349165
10.815452075240636,1.9560144301688318,0.002389152451316909
10.799436767502586,1.954022467726528,0.0023886236813989016
10.783421459764536,1.9520305052842244,0.002388094911480894
10.767406152026489,1.9500385428419207,0.0023875661415628867
10.751390844288439,1.9480465803996172,0.002387037371644879
10.73537553655039,1.9460546179573135,0.0023865086017268717
10.71936022881234,1.9440626555150098,0.0023859798318088643
10.703344921074292,1.942070693072706,0.0023854510618908573
10.687329613336242,1.9400787306304026,0.00238492229197285
10.671314305598193,1.9380867681880989,0.0023843935220548423
10.655298997860143,1.9360948057457952,0.002383864752136835
10.639283690122095,1.9341028433034917,0.0023833359822188274
10.623268382384046,1.932110880861188,0.00238280721230082
10.607253074645996,1.9301189184188843,0.0023822784423828125
10.589032012637299,1.928202763642415,0.0023820140574238088
10.570810950628601,1.9262866088659456,0.002381749672464805
10.552589888619904,1.9243704540894764,0.0023814852875058013
10.534368826611207,1.922454299313007,0.0023812209025467976
10.51614776460251,1.9205381445365377,0.002380956517587794
10.497926702593812,1.9186219897600685,0.00238069213262879
10.479705640585115,1.916705834983599,0.0023804277476697864
10.46148457857642,1.9147896802071298,0.0023801633627107827
10.443263516567722,1.9128735254306604,0.002379898977751779
10.425042454559025,1.9109573706541911,0.002379634592792775
10.406821392550327,1.909041215877722,0.0023793702078337715
10.38860033054163,1.9071250611012525,0.0023791058228747677
10.370379268532933,1.9052089063247832,0.0023788414379157644
10.352158206524235,1.9032927515483138,0.0023785770529567607
10.333937144515538,1.9013765967718446,0.002378312667997757
10.31571608250684,1.8994604419953753,0.0023780482830387533
10.297495020498143,1.897544287218906,0.0023777838980797495
10.279273958489446,1.8956281324424367,0.002377519513120746
10.261052896480749,1.8937119776659672,0.002377255128161742
10.242831834472051,1.891795822889498,0.0023769907432027383
10.224610772463354,1.8898796681130285,0.0023767263582437346
10.206389710454658,1.8879635133365593,0.002376461973284731
10.188168648445961,1.88604735856009,0.002376197588325727
10.169947586437264,1.8841312037836206,0.0023759332033667234
10.151726524428566,1.8822150490071514,0.0023756688184077197
10.133505462419869,1.880298894230682,0.002375404433448716
10.115284400411172,1.8783827394542127,0.0023751400484897122
10.097063338402474,1.8764665846777435,0.0023748756635307085
10.078842276393777,1.874550429901274,0.0023746112785717048
10.06062121438508,1.8726342751248048,0.002374346893612701
10.042400152376382,1.8707181203483354,0.0023740825086536973
10.024179090367685,1.8688019655718662,0.0023738181236946936
10.005958028358988,1.866885810795397,0.00237355373873569
9.98773696635029,1.8649696560189275,0.002373289353776686
9.969515904341593,1.8630535012424583,0.0023730249688176824
9.951294842332896,1.8611373464659888,0.0023727605838586787
9.9330737803242,1.8592211916895196,0.002372496198899675
9.914852718315503,1.8573050369130504,0.0023722318139406716
9.896631656306806,1.855388882136581,0.002371967428981668
9.878410594298108,1.8534727273601117,0.002371703044022664
9.86018953228941,1.8515565725836423,0.0023714386590636604
9.841968470280714,1.849640417807173,0.0023711742741046567
9.823747408272016,1.8477242630307038,0.002370909889145653
9.805526346263319,1.8458081082542344,0.0023706455041866492
9.787305284254622,1.8438919534777651,0.0023703811192276455
9.769084222245924,1.8419757987012957,0.002370116734268642
9.750863160237227,1.8400596439248265,0.002369852349309638
9.73264209822853,1.8381434891483572,0.0023695879643506343
9.714421036219832,1.8362273343718878,0.0023693235793916306
9.696199974211137,1.8343111795954186,0.002369059194432627
9.677978912202438,1.8323950248189491,0.002368794809473623
9.659757850193742,1.8304788700424799,0.0023685304245146194
9.641536788185045,1.8285627152660104,0.0023682660395556157
9.623315726176347,1.8266465604895412,0.002368001654596612
9.60509466416765,1.824730405713072,0.002367737269637608
9.586873602158953,1.8228142509366025,0.0023674728846786045
9.568652540150255,1.8208980961601333,0.0023672084997196008
9.550431478141558,1.8189819413836639,0.002366944114760597
9.53221041613286,1.8170657866071946,0.0023666797298015933
9.513989354124163,1.8151496318307254,0.0023664153448425896
9.495768292115466,1.813233477054256,0.002366150959883586
9.477547230106769,1.8113173222777867,0.002365886574924582
9.459326168098071,1.8094011675013173,0.0023656221899655784
9.441105106089374,1.807485012724848,0.002365357805006575
9.422884044080678,1.8055688579483788,0.0023650934200475713
9.40466298207198,1.8036527031719094,0.0023648290350885676
9.386441920063284,1.8017365483954402,0.002364564650129564
9.368220858054586,1.7998203936189707,0.00236430026517056
9.34999979604589,1.7979042388425015,0.0023640358802115564
9.331778734037192,1.7959880840660323,0.0023637714952525527
9.313557672028494,1.7940719292895628,0.002363507110293549
9.295336610019797,1.7921557745130936,0.0023632427253345452
9.2771155480111,1.7902396197366242,0.0023629783403755415
9.258894486002403,1.788323464960155,0.0023627139554165378
9.240673423993705,1.7864073101836855,0.002362449570457534
9.222452361985008,1.7844911554072163,0.0023621851854985303
9.20423129997631,1.782575000630747,0.0023619208005395266
9.186010237967613,1.7806588458542776,0.002361656415580523
9.167789175958916,1.7787426910778084,0.002361392030621519
9.14956811395022,1.7768265363013391,0.0023611276456625154
9.131347051941523,1.7749103815248697,0.0023608632607035117
9.113125989932826,1.7729942267484005,0.002360598875744508
9.094904927924128,1.771078071971931,0.002360334490785504
9.076683865915431,1.7691619171954618,0.0023600701058265005
9.058462803906734,1.7672457624189923,0.0023598057208674967
9.040241741898036,1.7653296076425231,0.002359541335908493
9.022020679889339,1.7634134528660539,0.0023592769509494893
9.003799617880642,1.7614972980895844,0.0023590125659904856
8.985578555871944,1.7595811433131152,0.0023587481810314823
8.967357493863247,1.757664988536646,0.0023584837960724785
8.94913643185455,1.7557488337601765,0.002358219411113475
8.930915369845852,1.7538326789837073,0.002357955026154471
8.912694307837155,1.7519165242072379,0.0023576906411954673
8.894473245828458,1.7500003694307686,0.0023574262562364636
8.876252183819762,1.7480842146542992,0.00235716187127746
8.858031121811065,1.74616805987783,0.002356897486318456
8.839810059802367,1.7442519051013607,0.0023566331013594524
8.82158899779367,1.7423357503248913,0.0023563687164004487
8.803367935784973,1.740419595548422,0.002356104331441445
8.785146873776275,1.7385034407719526,0.0023558399464824412
8.766925811767578,1.7365872859954834,0.0023555755615234375
8.757421814569152,1.7341039405010714,0.0023539703671294865
8.747917817370727,1.7316205950066594,0.0023523651727355354
8.738413820172301,1.7291372495122475,0.002350759978341584
8.728909822973874,1.7266539040178355,0.002349154783947633
8.719405825775448,1.7241705585234235,0.002347549589553682
8.709901828577022,1.7216872130290117,0.002345944395159731
8.700397831378597,1.7192038675345998,0.00234433920076578
8.690893834180171,1.7167205220401878,0.0023427340063718284
8.681389836981745,1.7142371765457758,0.0023411288119778773
8.67188583978332,1.7117538310513638,0.0023395236175839263
8.662381842584892,1.7092704855569518,0.0023379184231899753
8.652877845386467,1.7067871400625398,0.0023363132287960242
8.643373848188041,1.7043037945681279,0.002334708034402073
8.633869850989615,1.7018204490737159,0.0023331028400081217
8.62436585379119,1.6993371035793041,0.0023314976456141707
8.614861856592764,1.6968537580848921,0.0023298924512202197
8.605357859394339,1.6943704125904802,0.0023282872568262687
8.595853862195913,1.6918870670960682,0.0023266820624323176
8.586349864997485,1.6894037216016562,0.002325076868038366
8.57684586779906,1.6869203761072442,0.002323471673644415
8.567341870600634,1.6844370306128322,0.002321866479250464
8.557837873402208,1.6819536851184202,0.002320261284856513
8.548333876203783,1.6794703396240083,0.002318656090462562
8.538829879005357,1.6769869941295963,0.0023170508960686106
8.529325881806932,1.6745036486351843,0.0023154457016746595
8.519821884608504,1.6720203031407725,0.0023138405072807085
8.510317887410078,1.6695369576463606,0.0023122353128867575
8.500813890211653,1.6670536121519486,0.0023106301184928064
8.491309893013227,1.6645702666575366,0.0023090249240988554
8.481805895814801,1.6620869211631246,0.002307419729704904
8.472301898616376,1.6596035756687126,0.002305814535310953
8.46279790141795,1.6571202301743007,0.002304209340917002
8.453293904219523,1.6546368846798887,0.002302604146523051
8.443789907021097,1.6521535391854767,0.0023009989521291
8.434285909822671,1.649670193691065,0.0022993937577351483
8.424781912624246,1.647186848196653,0.0022977885633411973
8.41527791542582,1.644703502702241,0.0022961833689472463
8.405773918227395,1.642220157207829,0.0022945781745532952
8.396269921028969,1.639736811713417,0.002292972980159344
8.386765923830541,1.637253466219005,0.0022913677857653927
8.377261926632116,1.634770120724593,0.0022897625913714417
8.36775792943369,1.632286775230181,0.0022881573969774907
8.358253932235264,1.629803429735769,0.0022865522025835396
8.348749935036839,1.627320084241357,0.0022849470081895886
8.339245937838413,1.6248367387469451,0.0022833418137956376
8.329741940639988,1.6223533932525334,0.002281736619401686
8.32023794344156,1.6198700477581214,0.002280131425007735
8.310733946243134,1.6173867022637094,0.002278526230613784
8.301229949044709,1.6149033567692974,0.002276921036219833
8.291725951846283,1.6124200112748854,0.002275315841825882
8.282221954647857,1.6099366657804735,0.0022737106474319305
8.272717957449432,1.6074533202860615,0.0022721054530379795
8.263213960251006,1.6049699747916495,0.0022705002586440285
8.253709963052579,1.6024866292972375,0.0022688950642500774
8.244205965854153,1.6000032838028255,0.0022672898698561264
8.234701968655727,1.5975199383084138,0.002265684675462175
8.225197971457302,1.5950365928140018,0.002264079481068224
8.215693974258876,1.5925532473195898,0.002262474286674273
8.20618997706045,1.5900699018251778,0.002260869092280322
8.196685979862025,1.5875865563307658,0.002259263897886371
8.1871819826636,1.5851032108363539,0.0022576587034924198
8.177677985465172,1.5826198653419419,0.0022560535090984683
8.168173988266746,1.58013651984753,0.0022544483147045173
8.15866999106832,1.577653174353118,0.0022528431203105662
8.149165993869895,1.575169828858706,0.002251237925916615
8.13966199667147,1.572686483364294,0.002249632731522664
8.130157999473044,1.5702031378698822,0.0022480275371287127
8.120654002274618,1.5677197923754702,0.0022464223427347617
8.11115000507619,1.5652364468810582,0.0022448171483408106
8.101646007877765,1.5627531013866462,0.0022432119539468596
8.09214201067934,1.5602697558922343,0.0022416067595529086
8.082638013480913,1.5577864103978223,0.002240001565158957
8.073134016282488,1.5553030649034103,0.002238396370765006
8.063630019084062,1.5528197194089983,0.002236791176371055
8.054126021885637,1.5503363739145863,0.002235185981977104
8.044622024687209,1.5478530284201746,0.002233580787583153
8.035118027488783,1.5453696829257626,0.0022319755931892015
8.025614030290358,1.5428863374313506,0.0022303703987952505
8.016110033091932,1.5404029919369386,0.0022287652044012994
8.006606035893507,1.5379196464425267,0.0022271600100073484
7.997102038695081,1.5354363009481147,0.0022255548156133974
7.987598041496654,1.5329529554537027,0.0022239496212194463
7.978094044298229,1.5304696099592907,0.002222344426825495
7.968590047099803,1.5279862644648787,0.002220739232431544
7.9590860499013765,1.5255029189704667,0.002219134038037593
7.949582052702951,1.5230195734760548,0.002217528843643642
7.940078055504525,1.520536227981643,0.0022159236492496908
7.9305740583060995,1.518052882487231,0.0022143184548557393
7.921070061107673,1.515569536992819,0.0022127132604617883
7.911566063909247,1.513086191498407,0.0022111080660678372
7.902062066710822,1.510602846003995,0.002209502871673886
7.892558069512395,1.508119500509583,0.002207897677279935
7.8830540723139695,1.5056361550151711,0.002206292482885984
7.873550075115544,1.5031528095207591,0.0022046872884920327
7.864046077917118,1.5006694640263474,0.0022030820940980816
7.854542080718692,1.4981861185319354,0.0022014768997041306
7.845038083520266,1.4957027730375234,0.0021998717053101796
7.83553408632184,1.4932194275431114,0.0021982665109162285
7.826030089123415,1.4907360820486995,0.002196661316522277
7.816526091924988,1.4882527365542875,0.002195056122128326
7.8070220947265625,1.4857693910598755,0.002193450927734375
7.801652270968598,1.4793166181828716,0.0021874833815168624
7.796282447210633,1.4728638453058678,0.0021815158352993503
7.790912623452668,1.466411072428864,0.0021755482890818377
7.785542799694704,1.4599582995518599,0.0021695807428643256
7.780172975936739,1.453505526674856,0.002163613196646813
7.774803152178774,1.4470527537978521,0.002157645650429301
7.769433328420809,1.4405999809208483,0.0021516781042117883
7.764063504662844,1.4341472080438444,0.002145710557994276
7.758693680904879,1.4276944351668406,0.0021397430117767635
7.753323857146914,1.4212416622898365,0.0021337754655592514
7.74795403338895,1.4147888894128327,0.002127807919341739
7.742584209630985,1.4083361165358288,0.0021218403731242267
7.7372143858730205,1.401883343658825,0.002115872826906714
7.7318445621150556,1.395430570781821,0.0021099052806892015
7.726474738357091,1.3889777979048172,0.0021039377344716894
7.721104914599126,1.3825250250278134,0.002097970188254177
7.715735090841161,1.3760722521508093,0.0020920026420366646
7.710365267083196,1.3696194792738055,0.002086035095819152
7.704995443325232,1.3631667063968016,0.00208006754960164
7.699625619567267,1.3567139335197977,0.0020741000033841273
7.694255795809302,1.350261160642794,0.002068132457166615
7.688885972051337,1.34380838776579,0.0020621649109491026
7.683516148293372,1.3373556148887862,0.0020561973647315905
7.678146324535407,1.330902842011782,0.002050229818514078
7.672776500777442,1.3244500691347783,0.0020442622722965658
7.667406677019478,1.3179972962577744,0.002038294726079053
7.6620368532615135,1.3115445233807705,0.002032327179861541
7.656667029503549,1.3050917505037667,0.0020263596336440285
7.651297205745584,1.2986389776267628,0.002020392087426516
7.645927381987619,1.292186204749759,0.0020144245412090037
7.640557558229654,1.285733431872755,0.002008456994991491
7.635187734471689,1.279280658995751,0.002002489448773979
7.629817910713725,1.2728278861187472,0.0019965219025564664
7.62444808695576,1.2663751132417433,0.0019905543563389543
7.619078263197795,1.2599223403647395,0.0019845868101214417
7.61370843943983,1.2534695674877356,0.0019786192639039296
7.608338615681865,1.2470167946107318,0.001972651717686417
7.6029687919239,1.2405640217337277,0.001966684171468905
7.5975989681659355,1.2341112488567239,0.0019607166252513923
7.5922291444079715,1.22765847597972,0.00195474907903388
7.586859320650007,1.2212057031027161,0.0019487815328163675
7.581489496892042,1.2147529302257123,0.0019428139865988552
7.576119673134077,1.2083001573487084,0.0019368464403813428
7.570749849376112,1.2018473844717046,0.0019308788941638305
7.565380025618147,1.1953946115947005,0.001924911347946318
7.560010201860182,1.1889418387176967,0.0019189438017288057
7.554640378102217,1.1824890658406928,0.0019129762555112934
7.549270554344253,1.176036292963689,0.001907008709293781
7.543900730586288,1.169583520086685,0.0019010411630762687
7.538530906828323,1.163130747209681,0.001895073616858756
7.533161083070358,1.1566779743326774,0.001889106070641244
7.5277912593123935,1.1502252014556733,0.0018831385244237313
7.5224214355544285,1.1437724285786695,0.001877170978206219
7.517051611796464,1.1373196557016656,0.0018712034319887066
7.5116817880385,1.1308668828246617,0.0018652358857711943
7.506311964280535,1.124414109947658,0.001859268339553682
7.50094214052257,1.117961337070654,0.0018533007933361695
7.495572316764605,1.1115085641936502,0.0018473332471186572
7.49020249300664,1.105055791316646,0.0018413657009011448
7.484832669248675,1.0986030184396423,0.0018353981546836325
7.47946284549071,1.0921502455626384,0.00182943060846612
7.474093021732746,1.0856974726856345,0.0018234630622486077
7.468723197974781,1.0792446998086307,0.0018174955160310954
7.463353374216816,1.0727919269316266,0.001811527969813583
7.457983550458851,1.0663391540546228,0.0018055604235960704
7.4526137267008865,1.059886381177619,0.001799592877378558
7.447243902942922,1.053433608300615,0.0017936253311610457
7.441874079184957,1.0469808354236112,0.0017876577849435334
7.436504255426993,1.0405280625466071,0.001781690238726021
7.431134431669028,1.0340752896696035,0.0017757226925085086
7.425764607911063,1.0276225167925994,0.0017697551462909963
7.420394784153098,1.0211697439155958,0.001763787600073484
7.415024960395133,1.0147169710385917,0.0017578200538559715
7.409655136637168,1.0082641981615879,0.0017518525076384592
7.404285312879203,1.001811425284584,0.0017458849614209468
7.398915489121239,0.9953586524075801,0.0017399174152034345
7.393545665363274,0.9889058795305762,0.001733949868985922
7.388175841605309,0.9824531066535723,0.0017279823227684095
7.3828060178473445,0.9760003337765684,0.0017220147765508974
7.37743619408938,0.9695475608995645,0.0017160472303333848
7.372066370331415,0.9630947880225607,0.0017100796841158724
7.36669654657345,0.9566420151455567,0.00170411213789836
7.361326722815486,0.950189242268553,0.001698144591680848
7.355956899057521,0.943736469391549,0.0016921770454633354
7.350587075299556,0.9372836965145451,0.001686209499245823
7.345217251541591,0.9308309236375413,0.0016802419530283106
7.339847427783626,0.9243781507605373,0.0016742744068107983
7.334477604025661,0.9179253778835335,0.001668306860593286
7.329107780267696,0.9114726050065296,0.0016623393143757736
7.323737956509731,0.9050198321295256,0.0016563717681582612
7.318368132751767,0.8985670592525218,0.0016504042219407486
7.312998308993802,0.8921142863755178,0.0016444366757232365
7.3076284852358375,0.885661513498514,0.0016384691295057239
7.302258661477873,0.8792087406215101,0.0016325015832882117
7.296888837719908,0.8727559677445063,0.0016265340370706992
7.291519013961943,0.8663031948675024,0.001620566490853187
7.286149190203979,0.8598504219904984,0.0016145989446356744
7.280779366446014,0.8533976491134946,0.0016086313984181623
7.275409542688049,0.8469448762364907,0.0016026638522006497
7.270039718930084,0.8404921033594868,0.0015966963059831374
7.264669895172119,0.8340393304824829,0.001590728759765625
7.262016867647077,0.8216383929299836,0.0015786237055712407
7.259363840122034,0.8092374553774843,0.0015665186513768563
7.2567108125969915,0.796836517824985,0.0015544135971824722
7.254057785071949,0.7844355802724857,0.001542308542988088
7.251404757546906,0.7720346427199865,0.0015302034887937036
7.248751730021864,0.7596337051674871,0.0015180984345993193
7.2460987024968215,0.7472327676149878,0.001505993380404935
7.243445674971778,0.7348318300624885,0.0014938883262105508
7.240792647446736,0.7224308925099893,0.0014817832720161665
7.238139619921694,0.7100299549574899,0.0014696782178217822
7.235486592396652,0.6976290174049906,0.0014575731636273979
7.2328335648716084,0.6852280798524913,0.0014454681094330135
7.230180537346566,0.6728271422999921,0.0014333630552386292
7.227527509821524,0.6604262047474927,0.001421258001044245
7.224874482296481,0.6480252671949934,0.0014091529468498608
7.2222214547714385,0.6356243296424942,0.0013970478926554764
7.219568427246396,0.6232233920899948,0.0013849428384610921
7.216915399721353,0.6108224545374955,0.001372837784266708
7.214262372196311,0.5984215169849962,0.0013607327300723237
7.211609344671269,0.5860205794324969,0.0013486276758779394
7.208956317146225,0.5736196418799977,0.001336522621683555
7.206303289621183,0.5612187043274983,0.0013244175674891707
7.203650262096141,0.548817766774999,0.0013123125132947864
7.200997234571098,0.5364168292224998,0.0013002074591004023
7.1983442070460555,0.5240158916700004,0.001288102404906018
7.195691179521013,0.5116149541175011,0.0012759973507116336
7.19303815199597,0.4992140165650018,0.0012638922965172493
7.190385124470928,0.4868130790125025,0.0012517872423228652
7.1877320969458856,0.47441214146000327,0.0012396821881284809
7.185079069420842,0.46201120390750394,0.0012275771339340965
7.1824260418958,0.4496102663550047,0.0012154720797397122
7.179773014370758,0.43720932880250535,0.001203367025545328
7.177119986845716,0.424808391250006,0.0011912619713509436
7.1744669593206725,0.4124074536975067,0.0011791569171565592
7.17181393179563,0.4000065161450075,0.0011670518629621751
7.169160904270588,0.38760557859250816,0.0011549468087677908
7.166507876745545,0.37520464104000883,0.0011428417545734065
7.1638548492205025,0.36280370348750957,0.0011307367003790224
7.16120182169546,0.35040276593501024,0.001118631646184638
7.158548794170417,0.3380018283825109,0.0011065265919902537
7.155895766645375,0.32560089083001165,0.0010944215377958694
7.153242739120333,0.3131999532775124,0.001082316483601485
7.150589711595289,0.3007990157250131,0.0010702114294071008
7.147936684070247,0.2883980781725137,0.0010581063752127164
7.145283656545205,0.27599714062001446,0.0010460013210183323
7.142630629020162,0.2635962030675152,0.001033896266823948
7.1399776014951195,0.2511952655150158,0.0010217912126295637
7.137324573970077,0.23879432796251654,0.0010096861584351796
7.134671546445034,0.22639339041001727,0.0009975811042407952
7.132018518919992,0.213992452857518,0.000985476050046411
7.12936549139495,0.20159151530501862,0.0009733709958520266
7.126712463869907,0.18919057775251935,0.0009612659416576423
7.124059436344864,0.17678964020002008,0.000949160887463258
7.121406408819822,0.1643887026475207,0.0009370558332688737
7.11875338129478,0.15198776509502143,0.0009249507790744894
7.1161003537697365,0.13958682754252205,0.0009128457248801052
7.113447326244694,0.1271858899900229,0.000900740670685721
7.110794298719652,0.11478495243752362,0.0008886356164913366
7.108141271194609,0.10238401488502435,0.0008765305622969524
7.1054882436695666,0.08998307733252497,0.0008644255081025681
7.102835216144524,0.0775821397800257,0.0008523204539081838
7.100182188619481,0.06518120222752644,0.0008402153997137996
7.097529161094439,0.052780264675027055,0.0008281103455194152
7.094876133569397,0.040379327122527786,0.0008160052913250309
7.0922231060443535,0.027978389570028406,0.0008039002371306467
7.089570078519311,0.015577452017529136,0.0007917951829362624
7.086917050994269,0.003176514465029867,0.000779690128741878
7.084264023469226,-0.009224423087469513,0.0007675850745474937
7.0816109959441835,-0.021625360639968783,0.0007554800203531095
7.078957968419141,-0.03402629819246794,0.0007433749661587253
7.076304940894099,-0.04642723574496732,0.0007312699119643411
7.073651913369056,-0.05882817329746659,0.0007191648577699567
7.070998885844014,-0.07122911084996586,0.0007070598035755724
7.068345858318971,-0.08363004840246524,0.0006949547493811881
7.065692830793928,-0.09603098595496451,0.0006828496951868039
7.063039803268886,-0.10843192350746378,0.0006707446409924195
7.060386775743844,-0.12083286105996316,0.0006586395867980352
7.0577337482188005,-0.13323379861246243,0.000646534532603651
7.055080720693758,-0.1456347361649617,0.0006344294784092667
7.052427693168716,-0.15803567371746108,0.0006223244242148824
7.049774665643673,-0.17043661126996046,0.0006102193700204981
7.047121638118631,-0.18283754882245962,0.0005981143158261138
7.044468610593588,-0.19523848637495878,0.0005860092616317297
7.041815583068545,-0.20763942392745816,0.0005739042074373454
7.039162555543503,-0.22004036147995754,0.000561799153242961
7.036509528018461,-0.2324412990324567,0.0005496940990485767
7.0338565004934175,-0.24484223658495607,0.0005375890448541924
7.031203472968375,-0.25724317413745545,0.0005254839906598081
7.028550445443333,-0.2696441116899546,0.000513378936465424
7.02589741791829,-0.282045049242454,0.0005012738822710396
7.0232443903932475,-0.2944459867949534,0.0004891688280766553
7.020591362868205,-0.30684692434745253,0.000477063773882271
7.017938335343163,-0.3192478618999519,0.00046495871968788667
7.01528530781812,-0.3316487994524513,0.00045285366549350234
7.012632280293078,-0.34404973700495045,0.00044074861129911823
7.009979252768035,-0.35645067455744983,0.0004286435571047339
7.007326225242992,-0.368851612109949,0.0004165385029103496
7.00467319771795,-0.38125254966244837,0.0004044334487159655
7.002020170192908,-0.39365348721494775,0.00039232839452158115
6.9993671426678645,-0.4060544247674469,0.0003802233403271968
6.996714115142822,-0.4184553623199463,0.0003681182861328125
7.000823474166417,-0.4277982404916593,0.00035844935048924813
7.004932833190011,-0.43714111866337235,0.00034878041484568377
7.009042192213606,-0.44648399683508544,0.0003391114792021194
7.0131515512372005,-0.45582687500679847,0.0003294425435585551
7.017260910260795,-0.4651697531785115,0.00031977360791499073
7.02137026928439,-0.4745126313502246,0.00031010467227142636
7.025479628307985,-0.4838555095219376,0.000300435736627862
7.0295889873315796,-0.49319838769365065,0.00029076680098429763
7.033698346355174,-0.5025412658653637,0.0002810978653407333
7.037807705378769,-0.5118841440370767,0.00027142892969716896
7.041917064402363,-0.5212270222087898,0.0002617599940536046
7.046026423425958,-0.5305699003805029,0.00025209105841004023
7.050135782449552,-0.5399127785522159,0.00024242212276647586
7.054245141473147,-0.549255656723929,0.0002327531871229115
7.058354500496741,-0.5585985348956419,0.00022308425147934716
7.062463859520336,-0.567941413067355,0.0002134153158357828
7.0665732185439305,-0.5772842912390681,0.00020374638019221843
7.070682577567525,-0.5866271694107811,0.0001940774445486541
7.0747919365911205,-0.5959700475824942,0.00018440850890508973
7.078901295614715,-0.6053129257542071,0.00017473957326152536
7.08301065463831,-0.6146558039259202,0.00016507063761796102
7.087120013661904,-0.6239986820976333,0.00015540170197439666
7.091229372685499,-0.6333415602693464,0.0001457327663308323
7.095338731709093,-0.6426844384410594,0.00013606383068726796
7.099448090732688,-0.6520273166127724,0.0001263948950437036
7.103557449756282,-0.6613701947844854,0.00011672595940013923
7.107666808779877,-0.6707130729561985,0.00010705702375657486
7.111776167803471,-0.6800559511279116,9.73880881130105e-05
7.115885526827066,-0.6893988292996246,8.771915246944619e-05
7.1199948858506605,-0.6987417074713376,7.805021682588182e-05
7.124104244874255,-0.7080845856430507,6.838128118231746e-05
7.1282136038978505,-0.7174274638147637,5.871234553875309e-05
7.132322962921445,-0.7267703419864768,4.9043409895188725e-05
7.13643232194504,-0.7361132201581899,3.937447425162436e-05
7.140541680968634,-0.7454560983299028,2.970553860806005e-05
7.144651039992229,-0.7547989765016159,2.0036602964495684e-05
7.148760399015823,-0.764141854673329,1.036766732093132e-05
7.152869758039418,-0.773484732845042,6.987316773669544e-07
7.156979117063012,-0.7828276110167551,-8.97020396619741e-06
7.161088476086607,-0.7921704891884681,-1.8639139609761776e-05
7.1651978351102015,-0.8015133673601812,-2.830807525332614e-05
7.169307194133796,-0.8108562455318942,-3.797701089689045e-05
7.173416553157391,-0.8201991237036073,-4.7645946540454817e-05
7.177525912180986,-0.8295420018753203,-5.731488218401918e-05
7.181635271204581,-0.8388848800470333,-6.698381782758355e-05
7.185744630228175,-0.8482277582187464,-7.665275347114791e-05
7.18985398925177,-0.8575706363904594,-8.632168911471228e-05
7.193963348275364,-0.8669135145621725,-9.599062475827659e-05
7.198072707298959,-0.8762563927338856,-0.00010565956040184095
7.202182066322553,-0.8855992709055985,-0.00011532849604540532
7.206291425346148,-0.8949421490773116,-0.00012499743168896968
7.210400784369742,-0.9042850272490246,-0.00013466636733253405
7.214510143393337,-0.9136279054207377,-0.0001443353029760984
7.2186195024169315,-0.9229707835924508,-0.00015400423861966278
7.222728861440526,-0.9323136617641639,-0.00016367317426322714
7.226838220464121,-0.9416565399358768,-0.0001733421099067915
7.230947579487715,-0.9509994181075898,-0.00018301104555035576
7.235056938511311,-0.9603422962793029,-0.00019267998119392013
7.239166297534905,-0.9696851744510159,-0.0002023489168374845
7.2432756565585,-0.979028052622729,-0.00021201785248104886
7.247385015582094,-0.988370930794442,-0.00022168678812461322
7.251494374605689,-0.9977138089661551,-0.0002313557237681776
7.255603733629283,-1.0070566871378681,-0.00024102465941174195
7.259713092652878,-1.0163995653095812,-0.0002506935950553063
7.2638224516764724,-1.0257424434812943,-0.0002603625306988707
7.267931810700067,-1.0350853216530074,-0.00027003146634243505
7.2720411697236615,-1.0444281998247202,-0.0002797004019859994
7.276150528747256,-1.0537710779964335,-0.0002893693376295638
7.2802598877708515,-1.0631139561681464,-0.00029903827327312814
7.284369246794446,-1.0724568343398593,-0.0003087072089166924
7.288478605818041,-1.0817997125115726,-0.00031837614456025677
7.292587964841635,-1.0911425906832855,-0.00032804508020382113
7.29669732386523,-1.1004854688549985,-0.0003377140158473855
7.300806682888824,-1.1098283470267116,-0.00034738295149094986
7.304916041912419,-1.1191712251984247,-0.0003570518871345142
7.309025400936013,-1.1285141033701378,-0.0003667208227780786
7.313134759959608,-1.1378569815418507,-0.00037638975842164296
7.3172441189832025,-1.147199859713564,-0.0003860586940652073
7.321353478006797,-1.1565427378852768,-0.0003957276297087717
7.325462837030392,-1.16588561605699,-0.00040539656535233605
7.329572196053986,-1.175228494228703,-0.0004150655009959004
7.333681555077581,-1.184571372400416,-0.0004247344366394648
7.337790914101176,-1.193914250572129,-0.00043440337228302904
7.341900273124771,-1.203257128743842,-0.0004440723079265934
7.346009632148365,-1.2126000069155551,-0.00045374124357015777
7.35011899117196,-1.2219428850872682,-0.00046341017921372213
7.354228350195554,-1.231285763258981,-0.0004730791148572865
7.358337709219149,-1.2406286414306944,-0.00048274805050085086
7.362447068242743,-1.2499715196024073,-0.0004924169861444152
7.366556427266338,-1.2593143977741204,-0.0005020859217879796
7.3706657862899325,-1.2686572759458334,-0.000511754857431544
7.374775145313527,-1.2780001541175465,-0.0005214237930751083
7.378884504337122,-1.2873430322892596,-0.0005310927287186727
7.382993863360716,-1.2966859104609725,-0.000540761664362237
7.387103222384312,-1.3060287886326856,-0.0005504306000058013
7.391212581407906,-1.3153716668043987,-0.0005600995356493657
7.395321940431501,-1.3247145449761115,-0.00056976847129293
7.399431299455095,-1.3340574231478248,-0.0005794374069364944
7.40354065847869,-1.3434003013195377,-0.0005891063425800588
7.407650017502284,-1.3527431794912508,-0.0005987752782236231
7.411759376525879,-1.3620860576629639,-0.0006084442138671875
7.415036225082851,-1.365572681521425,-0.0006121833725730971
7.418313073639823,-1.3690593053798865,-0.0006159225312790068
7.4215899221967945,-1.3725459292383477,-0.0006196616899849165
7.424866770753766,-1.376032553096809,-0.0006234008486908261
7.428143619310738,-1.3795191769552704,-0.0006271400073967358
7.43142046786771,-1.3830058008137316,-0.0006308791661026454
7.434697316424681,-1.3864924246721928,-0.000634618324808555
7.437974164981653,-1.3899790485306542,-0.0006383574835144648
7.441251013538625,-1.3934656723891155,-0.0006420966422203744
7.444527862095597,-1.3969522962475767,-0.000645835800926284
7.447804710652568,-1.400438920106038,-0.0006495749596321937
7.45108155920954,-1.4039255439644993,-0.0006533141183381033
7.454358407766512,-1.4074121678229605,-0.000657053277044013
7.457635256323484,-1.410898791681422,-0.0006607924357499227
7.460912104880456,-1.4143854155398832,-0.0006645315944558323
7.464188953437428,-1.4178720393983444,-0.000668270753161742
7.4674658019944,-1.4213586632568058,-0.0006720099118676516
7.470742650551371,-1.424845287115267,-0.0006757490705735612
7.474019499108342,-1.4283319109737282,-0.000679488229279471
7.477296347665314,-1.4318185348321897,-0.0006832273879853806
7.480573196222286,-1.435305158690651,-0.0006869665466912902
7.483850044779258,-1.438791782549112,-0.0006907057053971999
7.48712689333623,-1.4422784064075733,-0.0006944448641031095
7.490403741893202,-1.4457650302660348,-0.0006981840228090191
7.4936805904501735,-1.449251654124496,-0.0007019231815149289
7.496957439007145,-1.4527382779829572,-0.0007056623402208385
7.500234287564117,-1.4562249018414186,-0.0007094014989267481
7.503511136121089,-1.4597115256998798,-0.0007131406576326578
7.506787984678061,-1.463198149558341,-0.0007168798163385674
7.510064833235033,-1.4666847734168025,-0.0007206189750444771
7.513341681792005,-1.4701713972752637,-0.0007243581337503868
7.516618530348976,-1.473658021133725,-0.0007280972924562964
7.5198953789059475,-1.4771446449921863,-0.000731836451162206
7.523172227462919,-1.4806312688506476,-0.0007355756098681157
7.526449076019891,-1.4841178927091088,-0.0007393147685740254
7.529725924576863,-1.4876045165675702,-0.000743053927279935
7.533002773133835,-1.4910911404260314,-0.0007467930859858447
7.536279621690807,-1.4945777642844926,-0.0007505322446917543
7.539556470247779,-1.498064388142954,-0.000754271403397664
7.5428333188047505,-1.5015510120014153,-0.0007580105621035737
7.546110167361722,-1.5050376358598765,-0.0007617497208094833
7.549387015918694,-1.508524259718338,-0.000765488879515393
7.552663864475666,-1.5120108835767991,-0.0007692280382213026
7.555940713032637,-1.5154975074352603,-0.0007729671969272122
7.559217561589609,-1.5189841312937218,-0.000776706355633122
7.562494410146581,-1.522470755152183,-0.0007804455143390316
7.565771258703553,-1.5259573790106442,-0.0007841846730449412
7.5690481072605245,-1.5294440028691056,-0.0007879238317508509
7.572324955817496,-1.5329306267275669,-0.0007916629904567605
7.575601804374468,-1.536417250586028,-0.0007954021491626702
7.57887865293144,-1.5399038744444895,-0.0007991413078685798
7.582155501488412,-1.5433904983029507,-0.0008028804665744895
7.585432350045384,-1.546877122161412,-0.0008066196252803991
7.588709198602356,-1.5503637460198734,-0.0008103587839863088
7.5919860471593275,-1.5538503698783346,-0.0008140979426922185
7.595262895716299,-1.5573369937367958,-0.0008178371013981281
7.59853974427327,-1.5608236175952572,-0.0008215762601040378
7.601816592830242,-1.5643102414537184,-0.0008253154188099474
7.605093441387214,-1.5677968653121797,-0.000829054577515857
7.608370289944186,-1.571283489170641,-0.0008327937362217667
7.611647138501158,-1.5747701130291023,-0.0008365328949276763
7.61492398705813,-1.5782567368875635,-0.000840272053633586
7.618200835615101,-1.581743360746025,-0.0008440112123394957
7.621477684172073,-1.5852299846044862,-0.0008477503710454053
7.624754532729045,-1.5887166084629474,-0.000851489529751315
7.628031381286017,-1.5922032323214088,-0.0008552286884572246
7.631308229842989,-1.59568985617987,-0.0008589678471631343
7.634585078399961,-1.5991764800383312,-0.000862707005869044
7.637861926956933,-1.6026631038967927,-0.0008664461645749536
7.6411387755139035,-1.6061497277552539,-0.0008701853232808632
7.644415624070875,-1.609636351613715,-0.0008739244819867729
7.647692472627847,-1.6131229754721765,-0.0008776636406926826
7.650969321184819,-1.6166095993306377,-0.0008814027993985921
7.654246169741791,-1.620096223189099,-0.0008851419581045019
7.657523018298763,-1.6235828470475604,-0.0008888811168104115
7.660799866855735,-1.6270694709060216,-0.0008926202755163211
7.6640767154127065,-1.6305560947644828,-0.0008963594342222309
7.667353563969678,-1.6340427186229443,-0.0009000985929281404
7.67063041252665,-1.6375293424814055,-0.0009038377516340501
7.673907261083622,-1.6410159663398667,-0.0009075769103399598
7.677184109640594,-1.6445025901983281,-0.0009113160690458694
7.680460958197566,-1.6479892140567893,-0.0009150552277517791
7.683737806754537,-1.6514758379152505,-0.0009187943864576887
7.687014655311509,-1.654962461773712,-0.0009225335451635984
7.6902915038684805,-1.6584490856321732,-0.000926272703869508
7.693568352425452,-1.6619357094906344,-0.0009300118625754177
7.696845200982424,-1.6654223333490958,-0.0009337510212813274
7.700122049539396,-1.668908957207557,-0.0009374901799872369
7.703398898096368,-1.6723955810660183,-0.0009412293386931467
7.70667574665334,-1.6758822049244797,-0.0009449684973990563
7.709952595210312,-1.679368828782941,-0.000948707656104966
7.7132294437672835,-1.6828554526414021,-0.0009524468148108757
7.716506292324255,-1.6863420764998636,-0.0009561859735167852
7.719783140881227,-1.6898287003583248,-0.000959925132222695
7.723059989438198,-1.693315324216786,-0.0009636642909286045
7.72633683799517,-1.6968019480752472,-0.0009674034496345142
7.729613686552142,-1.7002885719337086,-0.0009711426083404239
7.732890535109114,-1.7037751957921698,-0.0009748817670463335
7.736167383666086,-1.707261819650631,-0.0009786209257522432
7.739444232223057,-1.7107484435090925,-0.000982360084458153
7.742721080780029,-1.7142350673675537,-0.0009860992431640625
